<?xml version="1.0" encoding="UTF-8"?><qti:assessmentItem xmlns:qti="http://www.imsglobal.org/xsd/imsqti_v2p1" xmlns:source="http://apache.org/cocoon/source/1.0" adaptive="false" identifier="selectPointInteraction_GF" timeDependent="false" title="Interaction type: selectPointInteraction; Correct/Incorrect" toolName="NLQTI" toolVersion="1.0">
  <!-- 
    To prevent the learner to have to click at exactly the right spot:
    - Add an <areaMapping> to the <responseDeclaration> that gioves you 1.0 points when clicking 
      inside the area.
    - Refernce the RPTEMPLATE_POINT_SCORE response processing template to enable this <areaMapping>
    So we are using a RP template meant for scoring, but in fact this is a correct/incorrect 
    situation!
  -->
  <!-- -->
  <qti:responseDeclaration baseType="point" cardinality="single" identifier="RESPONSE">
    <qti:correctResponse>
      <qti:value>102 113</qti:value>
    </qti:correctResponse>
    <qti:areaMapping defaultValue="0.0">
      <qti:areaMapEntry coords="102,113,16" mappedValue="1.0" shape="circle"/>
    </qti:areaMapping>
  </qti:responseDeclaration>
  <!-- -->
  <qti:outcomeDeclaration baseType="float" cardinality="single" identifier="SCORE" normalMaximum="1.0" normalMinimum="0.0"/>
  <!-- -->
  <qti:itemBody>
    <qti:selectPointInteraction maxChoices="1" responseIdentifier="RESPONSE">
      <qti:prompt>Waar ligt Edinburgh?</qti:prompt>
      <qti:object data="../Images/uk.png" height="280" type="image/png" width="196"/>
    </qti:selectPointInteraction>
  </qti:itemBody>
  <!-- -->
  <qti:responseProcessing template="http://www.edustandaard.nl/nl-qti/1/rptemplates/RPTEMPLATE_POINT_SCORE" templateLocation="../RPTemplates/RPTEMPLATE_POINT_SCORE.xml"/>
  <!-- -->
</qti:assessmentItem>