<?xml version="1.0" encoding="UTF-8"?><qti:assessmentItem xmlns:qti="http://www.imsglobal.org/xsd/imsqti_v2p1" xmlns:source="http://apache.org/cocoon/source/1.0" adaptive="false" identifier="sliderInteraction_GF" timeDependent="false" title="Interaction type: sliderInteraction; Correct/Incorrect" toolName="NLQTI" toolVersion="1.0">
  <!-- -->
  <qti:responseDeclaration baseType="integer" cardinality="single" identifier="RESPONSE">
    <qti:correctResponse>
      <qti:value>75</qti:value>
    </qti:correctResponse>
  </qti:responseDeclaration>
  <!-- -->
  <qti:outcomeDeclaration baseType="float" cardinality="single" identifier="SCORE" normalMaximum="1.0" normalMinimum="0.0"/>
  <!-- -->
  <qti:itemBody>
    <qti:sliderInteraction lowerBound="0" responseIdentifier="RESPONSE" step="1" upperBound="100">
      <qti:prompt>Hoeveel centimers zitten er in drie-kwart meter?</qti:prompt>
    </qti:sliderInteraction>
  </qti:itemBody>
  <!-- -->
  <qti:responseProcessing template="http://www.edustandaard.nl/nl-qti/1/rptemplates/RPTEMPLATE_GF" templateLocation="../RPTemplates/RPTEMPLATE_GF.xml"/>
  <!-- -->
</qti:assessmentItem>