<?xml version="1.0" encoding="UTF-8"?><qti:assessmentItem xmlns:qti="http://www.imsglobal.org/xsd/imsqti_v2p1" xmlns:source="http://apache.org/cocoon/source/1.0" adaptive="false" identifier="inlineChoiceInteraction_SCORE" timeDependent="false" title="Interaction type: inlineChoiceInteraction; Score" toolName="NLQTI" toolVersion="1.0">
  <!-- -->
  <qti:responseDeclaration baseType="identifier" cardinality="single" identifier="RESPONSE_01">
    <qti:correctResponse>
      <qti:value>R</qti:value>
    </qti:correctResponse>
    <qti:mapping defaultValue="0.0">
      <qti:mapEntry mapKey="R" mappedValue="0.3"/>
    </qti:mapping>
  </qti:responseDeclaration>
  <qti:responseDeclaration baseType="identifier" cardinality="single" identifier="RESPONSE_02">
    <qti:correctResponse>
      <qti:value>W</qti:value>
    </qti:correctResponse>
    <qti:mapping defaultValue="0.0">
      <qti:mapEntry mapKey="W" mappedValue="0.3"/>
    </qti:mapping>
  </qti:responseDeclaration>
  <qti:responseDeclaration baseType="identifier" cardinality="single" identifier="RESPONSE_03">
    <qti:correctResponse>
      <qti:value>B</qti:value>
    </qti:correctResponse>
    <qti:mapping defaultValue="0.0">
      <qti:mapEntry mapKey="B" mappedValue="0.3"/>
    </qti:mapping>
  </qti:responseDeclaration>
  <!-- -->
  <qti:outcomeDeclaration baseType="float" cardinality="single" identifier="SCORE" normalMaximum="1.0" normalMinimum="0.0"/>
  <!-- -->
  <qti:itemBody>
    <qti:p>Wat zijn de kleuren van de Nederlandse vlag?</qti:p>
    <qti:p>De bovenste baan is <qti:inlineChoiceInteraction required="true" responseIdentifier="RESPONSE_01" shuffle="false">
        <qti:inlineChoice identifier="R">Rood</qti:inlineChoice>
        <qti:inlineChoice identifier="B">Blauw</qti:inlineChoice>
        <qti:inlineChoice identifier="W">Wit</qti:inlineChoice>
        <qti:inlineChoice identifier="P">Paars</qti:inlineChoice>
      </qti:inlineChoiceInteraction></qti:p>
    <qti:p>De middelste baan is <qti:inlineChoiceInteraction required="true" responseIdentifier="RESPONSE_02" shuffle="false">
        <qti:inlineChoice identifier="R">Rood</qti:inlineChoice>
        <qti:inlineChoice identifier="B">Blauw</qti:inlineChoice>
        <qti:inlineChoice identifier="W">Wit</qti:inlineChoice>
        <qti:inlineChoice identifier="P">Paars</qti:inlineChoice>
      </qti:inlineChoiceInteraction></qti:p>
    <qti:p>De onderste baan is <qti:inlineChoiceInteraction required="true" responseIdentifier="RESPONSE_03" shuffle="false">
        <qti:inlineChoice identifier="R">Rood</qti:inlineChoice>
        <qti:inlineChoice identifier="B">Blauw</qti:inlineChoice>
        <qti:inlineChoice identifier="W">Wit</qti:inlineChoice>
        <qti:inlineChoice identifier="P">Paars</qti:inlineChoice>
      </qti:inlineChoiceInteraction></qti:p>
  </qti:itemBody>
  <!-- -->
  <qti:responseProcessing>
    <qti:setOutcomeValue identifier="SCORE">
      <qti:sum>
        <qti:mapResponse identifier="RESPONSE_01"/>
        <qti:mapResponse identifier="RESPONSE_02"/>
        <qti:mapResponse identifier="RESPONSE_03"/>
      </qti:sum>
    </qti:setOutcomeValue>
  </qti:responseProcessing>
  <!-- -->
</qti:assessmentItem>