<?xml version="1.0" encoding="UTF-8"?><qti:assessmentItem xmlns:qti="http://www.imsglobal.org/xsd/imsqti_v2p1" xmlns:source="http://apache.org/cocoon/source/1.0" adaptive="false" identifier="textEntryInteraction_GF" timeDependent="false" title="Interaction type: textEntryInteraction; Correct/Incorrect" toolName="NLQTI" toolVersion="1.0">
  <!-- -->
  <qti:responseDeclaration baseType="string" cardinality="single" identifier="RESPONSE_01">
    <qti:correctResponse>
      <qti:value>groen</qti:value>
    </qti:correctResponse>
  </qti:responseDeclaration>
  <qti:responseDeclaration baseType="string" cardinality="single" identifier="RESPONSE_02">
    <qti:correctResponse>
      <qti:value>geel</qti:value>
    </qti:correctResponse>
  </qti:responseDeclaration>
  <!-- -->
  <qti:outcomeDeclaration baseType="float" cardinality="single" identifier="SCORE" normalMaximum="1.0" normalMinimum="0.0"/>
  <!-- -->
  <qti:itemBody>
    <qti:p>Maak het gezegde af:</qti:p>
    <qti:p>Hij ergert zich <qti:textEntryInteraction expectedLength="5" responseIdentifier="RESPONSE_01"/>
      en <qti:textEntryInteraction expectedLength="5" responseIdentifier="RESPONSE_02"/></qti:p>
  </qti:itemBody>
  <!-- -->
  <qti:responseProcessing>
    <qti:responseCondition>
      <qti:responseIf>
        <qti:and>
          <qti:match>
            <qti:variable identifier="RESPONSE_01"/>
            <qti:correct identifier="RESPONSE_01"/>
          </qti:match>
          <qti:match>
            <qti:variable identifier="RESPONSE_02"/>
            <qti:correct identifier="RESPONSE_02"/>
          </qti:match>
        </qti:and>
        <qti:setOutcomeValue identifier="SCORE">
          <qti:baseValue baseType="float">1.0</qti:baseValue>
        </qti:setOutcomeValue>
      </qti:responseIf>
      <qti:responseElse>
        <qti:setOutcomeValue identifier="SCORE">
          <qti:baseValue baseType="float">0.0</qti:baseValue>
        </qti:setOutcomeValue>
      </qti:responseElse>
    </qti:responseCondition>
  </qti:responseProcessing>
  <!-- -->
</qti:assessmentItem>