<?xml version="1.0" encoding="UTF-8"?><qti:assessmentItem xmlns:qti="http://www.imsglobal.org/xsd/imsqti_v2p1" xmlns:source="http://apache.org/cocoon/source/1.0" adaptive="false" identifier="sliderInteraction_SCORE" timeDependent="false" title="Interaction type: sliderInteraction; Score" toolName="NLQTI" toolVersion="1.0">
  <!-- -->
  <qti:responseDeclaration baseType="integer" cardinality="single" identifier="RESPONSE">
    <qti:correctResponse>
      <qti:value>75</qti:value>
    </qti:correctResponse>
    <qti:mapping defaultValue="0.0">
      <qti:mapEntry mapKey="75" mappedValue="1.0"/>
      <qti:mapEntry mapKey="74" mappedValue="0.9"/>
      <qti:mapEntry mapKey="76" mappedValue="0.9"/>
      <qti:mapEntry mapKey="73" mappedValue="0.8"/>
      <qti:mapEntry mapKey="77" mappedValue="0.8"/>
      <qti:mapEntry mapKey="72" mappedValue="0.7"/>
      <qti:mapEntry mapKey="78" mappedValue="0.7"/>
      <!-- Etc. -->
    </qti:mapping>
  </qti:responseDeclaration>
  <!-- -->
  <qti:outcomeDeclaration baseType="float" cardinality="single" identifier="SCORE" normalMaximum="1.0" normalMinimum="0.0"/>
  <!-- -->
  <qti:itemBody>
    <qti:sliderInteraction lowerBound="0" responseIdentifier="RESPONSE" step="1" upperBound="100">
      <qti:prompt>Hoeveel centimers zitten er in drie-kwart meter?</qti:prompt>
    </qti:sliderInteraction>
  </qti:itemBody>
  <!-- -->
  <qti:responseProcessing template="http://www.edustandaard.nl/nl-qti/1/rptemplates/RPTEMPLATE_SCORE" templateLocation="../RPTemplates/RPTEMPLATE_SCORE.xml"/>
  <!-- -->
</qti:assessmentItem>