<?xml version="1.0" encoding="UTF-8"?><qti:assessmentItem xmlns:qti="http://www.imsglobal.org/xsd/imsqti_v2p1" xmlns:source="http://apache.org/cocoon/source/1.0" adaptive="false" identifier="graphicGapMatchInteraction_SCORE" timeDependent="false" title="Interaction type: graphicGapMatchInteraction; Score" toolName="NLQTI" toolVersion="1.0" xml:lang="en">
  <!-- -->
  <qti:responseDeclaration baseType="directedPair" cardinality="multiple" identifier="RESPONSE">
    <qti:correctResponse>
      <qti:value>GLA A</qti:value>
      <qti:value>EDI B</qti:value>
      <qti:value>MAN C</qti:value>
    </qti:correctResponse>
    <qti:mapping defaultValue="0.0" lowerBound="0.0" upperBound="1.0">
      <qti:mapEntry mapKey="GLA A" mappedValue="0.3"/>
      <qti:mapEntry mapKey="EDI B" mappedValue="0.3"/>
      <qti:mapEntry mapKey="MAN C" mappedValue="0.4"/>
    </qti:mapping>
  </qti:responseDeclaration>
  <!-- -->
  <qti:outcomeDeclaration baseType="float" cardinality="single" identifier="SCORE" normalMaximum="1.0" normalMinimum="0.0"/>
  <!-- -->
  <qti:itemBody>
    <qti:p>The International Air Transport Association assigns three-letter codes to identify airports
      worldwide. For example, London Heathrow has code LHR.</qti:p>
    <qti:graphicGapMatchInteraction responseIdentifier="RESPONSE">
      <qti:prompt>Some of the labels on the following diagram are missing: can you identify the correct
        three-letter codes for the unlabelled airports?</qti:prompt>
      <qti:object data="../Images/ukairtags.png" height="280" type="image/png" width="206"/>
      <qti:gapImg identifier="EDI" matchMax="1" matchMin="1">
        <qti:object data="../Images/EDI.png" height="9" type="image/png" width="14"/>
      </qti:gapImg>
      <qti:gapImg identifier="GLA" matchMax="1" matchMin="1">
        <qti:object data="../Images/GLA.png" height="9" type="image/png" width="17"/>
      </qti:gapImg>
      <qti:gapImg identifier="MAN" matchMax="1" matchMin="1">
        <qti:object data="../Images/MAN.png" height="9" type="image/png" width="21"/>
      </qti:gapImg>
      <qti:associableHotspot coords="12,108,39,121" identifier="A" matchMax="1" matchMin="1" shape="rect"/>
      <qti:associableHotspot coords="128,103,155,126" identifier="B" matchMax="1" matchMin="1" shape="rect"/>
      <qti:associableHotspot coords="66,165,93,178" identifier="C" matchMax="1" matchMin="1" shape="rect"/>
    </qti:graphicGapMatchInteraction>
  </qti:itemBody>
  <!-- -->
  <qti:responseProcessing template="http://www.edustandaard.nl/nl-qti/1/rptemplates/RPTEMPLATE_SCORE" templateLocation="../RPTemplates/RPTEMPLATE_SCORE.xml"/>
  <!-- -->
</qti:assessmentItem>