<?xml version="1.0" encoding="UTF-8"?><qti:assessmentItem xmlns:qti="http://www.imsglobal.org/xsd/imsqti_v2p1" xmlns:source="http://apache.org/cocoon/source/1.0" adaptive="false" identifier="textEntryInteraction_SCORE" timeDependent="false" title="Interaction type: textEntryInteraction; Score" toolName="NLQTI" toolVersion="1.0">
  <!-- -->
  <qti:responseDeclaration baseType="string" cardinality="single" identifier="RESPONSE_01">
    <qti:correctResponse>
      <qti:value>groen</qti:value>
    </qti:correctResponse>
    <qti:mapping defaultValue="0.0">
      <qti:mapEntry mapKey="groen" mappedValue="0.5"/>
      <qti:mapEntry mapKey="Groen" mappedValue="0.5"/>
      <qti:mapEntry mapKey="GROEN" mappedValue="0.5"/>
    </qti:mapping>
  </qti:responseDeclaration>
  <qti:responseDeclaration baseType="string" cardinality="single" identifier="RESPONSE_02">
    <qti:correctResponse>
      <qti:value>geel</qti:value>
    </qti:correctResponse>
    <qti:mapping defaultValue="0.0">
      <qti:mapEntry mapKey="geel" mappedValue="0.5"/>
      <qti:mapEntry mapKey="Geel" mappedValue="0.5"/>
      <qti:mapEntry mapKey="GEEL" mappedValue="0.5"/>
    </qti:mapping>
  </qti:responseDeclaration>
  <!-- -->
  <qti:outcomeDeclaration baseType="float" cardinality="single" identifier="SCORE" normalMaximum="1.0" normalMinimum="0.0"/>
  <!-- -->
  <qti:itemBody>
    <qti:p>Maak het gezegde af:</qti:p>
    <qti:p>Hij ergert zich <qti:textEntryInteraction expectedLength="5" responseIdentifier="RESPONSE_01"/>
      en <qti:textEntryInteraction expectedLength="5" responseIdentifier="RESPONSE_02"/></qti:p>
  </qti:itemBody>
  <!-- -->
  <qti:responseProcessing>
    <qti:setOutcomeValue identifier="SCORE">
      <qti:sum>
        <qti:mapResponse identifier="RESPONSE_01"/>
        <qti:mapResponse identifier="RESPONSE_02"/>
      </qti:sum>
    </qti:setOutcomeValue>
    <qti:responseCondition>
      <qti:responseIf>
        <qti:gt>
          <qti:variable identifier="SCORE"/>
          <qti:baseValue baseType="float">1.0</qti:baseValue>
        </qti:gt>
        <qti:setOutcomeValue identifier="SCORE">
          <qti:baseValue baseType="float">1.0</qti:baseValue>
        </qti:setOutcomeValue>
      </qti:responseIf>
      <qti:responseElseIf>
        <qti:lt>
          <qti:variable identifier="SCORE"/>
          <qti:baseValue baseType="float">0.0</qti:baseValue>
        </qti:lt>
        <qti:setOutcomeValue identifier="SCORE">
          <qti:baseValue baseType="float">0.0</qti:baseValue>
        </qti:setOutcomeValue>
      </qti:responseElseIf>
    </qti:responseCondition>
  </qti:responseProcessing>
  <!-- -->
</qti:assessmentItem>