<?xml version="1.0" encoding="UTF-8"?><qti:assessmentItem xmlns:qti="http://www.imsglobal.org/xsd/imsqti_v2p1" xmlns:source="http://apache.org/cocoon/source/1.0" adaptive="false" identifier="orderInteraction_GF_FB1" timeDependent="false" title="Interaction type: orderInteraction; Correct/Incorrect; Feedback" toolName="NLQTI" toolVersion="1.0">
  <!-- -->
  <qti:responseDeclaration baseType="identifier" cardinality="ordered" identifier="RESPONSE">
    <qti:correctResponse>
      <qti:value>A</qti:value>
      <qti:value>C</qti:value>
      <qti:value>B</qti:value>
    </qti:correctResponse>
  </qti:responseDeclaration>
  <!-- -->
  <qti:outcomeDeclaration baseType="float" cardinality="single" identifier="SCORE" normalMaximum="1.0" normalMinimum="0.0"/>
  <qti:outcomeDeclaration baseType="identifier" cardinality="single" identifier="FEEDBACK"/>
  <!-- -->
  <qti:itemBody>
    <qti:orderInteraction responseIdentifier="RESPONSE" shuffle="false">
      <qti:prompt>Zet de volgende steden op volgorde van noord naar zuid:</qti:prompt>
      <qti:simpleChoice identifier="A">Caïro</qti:simpleChoice>
      <qti:simpleChoice identifier="B">Stockholm</qti:simpleChoice>
      <qti:simpleChoice identifier="C">Parijs</qti:simpleChoice>
    </qti:orderInteraction>
  </qti:itemBody>
  <!-- -->
  <qti:responseProcessing template="http://www.edustandaard.nl/nl-qti/1/rptemplates/RPTEMPLATE_GF_FB1" templateLocation="../RPTemplates/RPTEMPLATE_GF_FB1.xml"/>
  <!-- -->
  <qti:modalFeedback identifier="ANSWER_CORRECT" outcomeIdentifier="FEEDBACK" showHide="show">Dat is
    goed</qti:modalFeedback>
  <qti:modalFeedback identifier="FAILURE" outcomeIdentifier="FEEDBACK" showHide="show">Dat is niet
    goed</qti:modalFeedback>
  <!-- -->
</qti:assessmentItem>