<?xml version="1.0" encoding="UTF-8"?><qti:assessmentItem xmlns:qti="http://www.imsglobal.org/xsd/imsqti_v2p1" xmlns:source="http://apache.org/cocoon/source/1.0" adaptive="false" identifier="associateInteraction_GF" timeDependent="false" title="Interaction type: associateInteraction; Correct/Incorrect" toolName="NLQTI" toolVersion="1.0">
  <!-- -->
  <qti:responseDeclaration baseType="pair" cardinality="multiple" identifier="RESPONSE">
    <qti:correctResponse>
      <qti:value>A B</qti:value>
      <qti:value>C D</qti:value>
      <qti:value>E F</qti:value>
    </qti:correctResponse>
  </qti:responseDeclaration>
  <!-- -->
  <qti:outcomeDeclaration baseType="float" cardinality="single" identifier="SCORE" normalMaximum="1.0" normalMinimum="0.0"/>
  <!-- -->
  <qti:itemBody>
    <qti:associateInteraction maxAssociations="3" responseIdentifier="RESPONSE" shuffle="true">
      <qti:prompt>Wat hoort bij elkaar?</qti:prompt>
      <qti:simpleAssociableChoice identifier="A" matchMax="1" matchMin="1">Kleur</qti:simpleAssociableChoice>
      <qti:simpleAssociableChoice identifier="B" matchMax="1" matchMin="1">Blauw</qti:simpleAssociableChoice>
      <qti:simpleAssociableChoice identifier="C" matchMax="1" matchMin="1">Gevoel</qti:simpleAssociableChoice>
      <qti:simpleAssociableChoice identifier="D" matchMax="1" matchMin="1">Boos</qti:simpleAssociableChoice>
      <qti:simpleAssociableChoice identifier="E" matchMax="1" matchMin="1">Cijfer</qti:simpleAssociableChoice>
      <qti:simpleAssociableChoice identifier="F" matchMax="1" matchMin="1">Drie</qti:simpleAssociableChoice>
      <!-- -->
      <!-- Teaser -->
      <qti:simpleAssociableChoice identifier="G" matchMax="1" matchMin="1">Zwaar</qti:simpleAssociableChoice>
    </qti:associateInteraction>
  </qti:itemBody>
  <!-- -->
  <qti:responseProcessing template="http://www.edustandaard.nl/nl-qti/1/rptemplates/RPTEMPLATE_GF" templateLocation="../RPTemplates/RPTEMPLATE_GF.xml"/>
  <!-- -->
</qti:assessmentItem>