<?xml version="1.0" encoding="UTF-8"?><qti:assessmentItem xmlns:qti="http://www.imsglobal.org/xsd/imsqti_v2p1" xmlns:source="http://apache.org/cocoon/source/1.0" adaptive="false" identifier="inlineChoiceInteraction_GF_FB1" timeDependent="false" title="Interaction type: inlineChoiceInteraction; Correct/Incorrect; Feedback" toolName="NLQTI" toolVersion="1.0">
  <!-- -->
  <qti:responseDeclaration baseType="identifier" cardinality="single" identifier="RESPONSE_01">
    <qti:correctResponse>
      <qti:value>R</qti:value>
    </qti:correctResponse>
  </qti:responseDeclaration>
  <qti:responseDeclaration baseType="identifier" cardinality="single" identifier="RESPONSE_02">
    <qti:correctResponse>
      <qti:value>W</qti:value>
    </qti:correctResponse>
  </qti:responseDeclaration>
  <qti:responseDeclaration baseType="identifier" cardinality="single" identifier="RESPONSE_03">
    <qti:correctResponse>
      <qti:value>B</qti:value>
    </qti:correctResponse>
  </qti:responseDeclaration>
  <!-- -->
  <qti:outcomeDeclaration baseType="float" cardinality="single" identifier="SCORE" normalMaximum="1.0" normalMinimum="0.0"/>
  <qti:outcomeDeclaration baseType="identifier" cardinality="single" identifier="FEEDBACK"/>
  <!-- -->
  <qti:itemBody>
    <qti:p>Wat zijn de kleuren van de Nederlandse vlag?</qti:p>
    <qti:p>De bovenste baan is <qti:inlineChoiceInteraction required="true" responseIdentifier="RESPONSE_01" shuffle="false">
        <qti:inlineChoice identifier="R">Rood</qti:inlineChoice>
        <qti:inlineChoice identifier="B">Blauw</qti:inlineChoice>
        <qti:inlineChoice identifier="W">Wit</qti:inlineChoice>
        <qti:inlineChoice identifier="P">Paars</qti:inlineChoice>
      </qti:inlineChoiceInteraction></qti:p>
    <qti:p>De middelste baan is <qti:inlineChoiceInteraction required="true" responseIdentifier="RESPONSE_02" shuffle="false">
        <qti:inlineChoice identifier="R">Rood</qti:inlineChoice>
        <qti:inlineChoice identifier="B">Blauw</qti:inlineChoice>
        <qti:inlineChoice identifier="W">Wit</qti:inlineChoice>
        <qti:inlineChoice identifier="P">Paars</qti:inlineChoice>
      </qti:inlineChoiceInteraction></qti:p>
    <qti:p>De onderste baan is <qti:inlineChoiceInteraction required="true" responseIdentifier="RESPONSE_03" shuffle="false">
        <qti:inlineChoice identifier="R">Rood</qti:inlineChoice>
        <qti:inlineChoice identifier="B">Blauw</qti:inlineChoice>
        <qti:inlineChoice identifier="W">Wit</qti:inlineChoice>
        <qti:inlineChoice identifier="P">Paars</qti:inlineChoice>
      </qti:inlineChoiceInteraction></qti:p>
  </qti:itemBody>
  <!-- -->
  <qti:responseProcessing>
    <qti:responseCondition>
      <qti:responseIf>
        <qti:and>
          <qti:match>
            <qti:variable identifier="RESPONSE_01"/>
            <qti:correct identifier="RESPONSE_01"/>
          </qti:match>
          <qti:match>
            <qti:variable identifier="RESPONSE_02"/>
            <qti:correct identifier="RESPONSE_02"/>
          </qti:match>
          <qti:match>
            <qti:variable identifier="RESPONSE_03"/>
            <qti:correct identifier="RESPONSE_03"/>
          </qti:match>
        </qti:and>
        <qti:setOutcomeValue identifier="SCORE">
          <qti:baseValue baseType="float">1.0</qti:baseValue>
        </qti:setOutcomeValue>
        <qti:setOutcomeValue identifier="FEEDBACK">
          <qti:baseValue baseType="identifier">ANSWER_CORRECT</qti:baseValue>
        </qti:setOutcomeValue>
      </qti:responseIf>
      <qti:responseElse>
        <qti:setOutcomeValue identifier="SCORE">
          <qti:baseValue baseType="float">0.0</qti:baseValue>
        </qti:setOutcomeValue>
        <qti:setOutcomeValue identifier="FEEDBACK">
          <qti:baseValue baseType="identifier">FAILURE</qti:baseValue>
        </qti:setOutcomeValue>
      </qti:responseElse>
    </qti:responseCondition>
  </qti:responseProcessing>
  <!-- -->
  <qti:modalFeedback identifier="ANSWER_CORRECT" outcomeIdentifier="FEEDBACK" showHide="show">Dat is
    goed</qti:modalFeedback>
  <qti:modalFeedback identifier="FAILURE" outcomeIdentifier="FEEDBACK" showHide="show">Dat is niet
    goed</qti:modalFeedback>
  <!-- -->
</qti:assessmentItem>