<?xml version="1.0" encoding="UTF-8"?><qti:assessmentItem xmlns:qti="http://www.imsglobal.org/xsd/imsqti_v2p1" xmlns:source="http://apache.org/cocoon/source/1.0" adaptive="false" identifier="hotspotInteraction_GF_FB1" timeDependent="false" title="Interaction type: hotspotInteraction; Correct/Incorrect; Feedback" toolName="NLQTI" toolVersion="1.0">
  <!-- -->
  <qti:responseDeclaration baseType="identifier" cardinality="single" identifier="RESPONSE">
    <qti:correctResponse>
      <qti:value>A</qti:value>
    </qti:correctResponse>
  </qti:responseDeclaration>
  <!-- -->
  <qti:outcomeDeclaration baseType="float" cardinality="single" identifier="SCORE" normalMaximum="1.0" normalMinimum="0.0"/>
  <qti:outcomeDeclaration baseType="identifier" cardinality="single" identifier="FEEDBACK"/>
  <!-- -->
  <qti:itemBody>
    <qti:hotspotInteraction maxChoices="1" responseIdentifier="RESPONSE">
      <qti:prompt>Wijs het vliegveld van Glasgow aan</qti:prompt>
      <qti:object data="../Images/ukair.png" height="280" type="image/png" width="206"/>
      <qti:hotspotChoice coords="77,115,8" identifier="A" shape="circle"/>
      <qti:hotspotChoice coords="118,184,8" identifier="B" shape="circle"/>
      <qti:hotspotChoice coords="150,235,8" identifier="C" shape="circle"/>
      <qti:hotspotChoice coords="96,114,8" identifier="D" shape="circle"/>
    </qti:hotspotInteraction>
  </qti:itemBody>
  <!-- -->
  <qti:responseProcessing template="http://www.edustandaard.nl/nl-qti/1/rptemplates/RPTEMPLATE_GF_FB1" templateLocation="../RPTemplates/RPTEMPLATE_GF_FB1.xml"/>
  <!-- -->
  <qti:modalFeedback identifier="ANSWER_CORRECT" outcomeIdentifier="FEEDBACK" showHide="show">Dat is
    goed</qti:modalFeedback>
  <qti:modalFeedback identifier="FAILURE" outcomeIdentifier="FEEDBACK" showHide="show">Dat is niet
    goed</qti:modalFeedback>
  <!-- -->
</qti:assessmentItem>