<?xml version="1.0" encoding="UTF-8"?><qti:assessmentItem xmlns:qti="http://www.imsglobal.org/xsd/imsqti_v2p1" xmlns:source="http://apache.org/cocoon/source/1.0" adaptive="false" identifier="choiceInteraction_MCMA_SCORE_FB1" timeDependent="false" title="Interaction type: choiceInteraction (MCMA); Score; Feedback" toolName="NLQTI" toolVersion="1.0">
  <!-- -->
  <qti:responseDeclaration baseType="identifier" cardinality="multiple" identifier="RESPONSE">
    <qti:correctResponse>
      <qti:value>A</qti:value>
      <qti:value>C</qti:value>
    </qti:correctResponse>
    <qti:mapping defaultValue="0.0" lowerBound="0.0" upperBound="1.0">
      <qti:mapEntry mapKey="A" mappedValue="0.5"/>
      <qti:mapEntry mapKey="B" mappedValue="-0.25"/>
      <qti:mapEntry mapKey="C" mappedValue="0.5"/>
      <qti:mapEntry mapKey="D" mappedValue="-0.25"/>
    </qti:mapping>
  </qti:responseDeclaration>
  <!-- -->
  <qti:outcomeDeclaration baseType="float" cardinality="single" identifier="SCORE" normalMaximum="1.0" normalMinimum="0.0"/>
  <qti:outcomeDeclaration baseType="identifier" cardinality="single" identifier="FEEDBACK"/>
  <qti:outcomeDeclaration baseType="float" cardinality="single" identifier="FEEDBACK_THRESHOLD">
    <qti:defaultValue>
      <qti:value baseType="float">0.75</qti:value>
    </qti:defaultValue>
  </qti:outcomeDeclaration>
  <!-- -->
  <qti:itemBody>
    <qti:p>Welk landen grenzen aan Nederland?</qti:p>
    <qti:choiceInteraction maxChoices="0" responseIdentifier="RESPONSE" shuffle="true">
      <qti:prompt>Maak een keuze:</qti:prompt>
      <qti:simpleChoice identifier="A">België</qti:simpleChoice>
      <qti:simpleChoice identifier="B">Oostenrijk</qti:simpleChoice>
      <qti:simpleChoice identifier="C">Duitsland</qti:simpleChoice>
      <qti:simpleChoice identifier="D">Spanje</qti:simpleChoice>
    </qti:choiceInteraction>
  </qti:itemBody>
  <!-- -->
  <qti:responseProcessing template="http://www.edustandaard.nl/nl-qti/1/rptemplates/RPTEMPLATE_SCORE_FB1" templateLocation="../RPTemplates/RPTEMPLATE_SCORE_FB1.xml"/>
  <!-- -->
  <qti:modalFeedback identifier="ANSWER_CORRECT" outcomeIdentifier="FEEDBACK" showHide="show">Dat is
    goed</qti:modalFeedback>
  <qti:modalFeedback identifier="FAILURE" outcomeIdentifier="FEEDBACK" showHide="show">Dat is niet
    (helemaal) goed</qti:modalFeedback>
  <!-- -->
</qti:assessmentItem>