<?xml version="1.0" encoding="UTF-8"?><qti:assessmentItem xmlns:qti="http://www.imsglobal.org/xsd/imsqti_v2p1" xmlns:source="http://apache.org/cocoon/source/1.0" adaptive="false" identifier="textEntryInteraction_GF_template" timeDependent="false" title="Interaction type: textEntryInteraction; Correct/Incorrect; using RP template" toolName="NLQTI" toolVersion="1.0">
  <!-- -->
  <qti:responseDeclaration baseType="string" cardinality="single" identifier="RESPONSE_01">
    <qti:correctResponse>
      <qti:value>groen</qti:value>
    </qti:correctResponse>
  </qti:responseDeclaration>
  <qti:responseDeclaration baseType="string" cardinality="single" identifier="RESPONSE_02">
    <qti:correctResponse>
      <qti:value>geel</qti:value>
    </qti:correctResponse>
  </qti:responseDeclaration>
  <!-- -->
  <qti:outcomeDeclaration baseType="float" cardinality="single" identifier="SCORE" normalMaximum="1.0" normalMinimum="0.0"/>
  <!-- -->
  <qti:itemBody>
    <qti:p>Maak het gezegde af:</qti:p>
    <qti:p>Hij ergert zich <qti:textEntryInteraction expectedLength="5" responseIdentifier="RESPONSE_01"/>
      en <qti:textEntryInteraction expectedLength="5" responseIdentifier="RESPONSE_02"/></qti:p>
  </qti:itemBody>
  <!-- -->
  <qti:responseProcessing template="http://www.edustandaard.nl/nl-qti/1/rptemplates/RPTEMPLATE_GF_02" templateLocation="../RPTemplates/RPTEMPLATE_GF_02.xml"> </qti:responseProcessing>
  <!-- -->
</qti:assessmentItem>