<?xml version="1.0" encoding="UTF-8"?><qti:assessmentTest xmlns:qti="http://www.imsglobal.org/xsd/imsqti_v2p1" xmlns:source="http://apache.org/cocoon/source/1.0" identifier="assessmentTest_SCORE_FB1" title="Example test + Score + Feedback">
  <!-- -->
  <!-- Outcome declaration: -->
  <qti:outcomeDeclaration baseType="float" cardinality="single" identifier="SCORE" normalMaximum="1.0" normalMinimum="0.0"> </qti:outcomeDeclaration>
  <qti:outcomeDeclaration baseType="identifier" cardinality="single" identifier="FEEDBACK"/>
  <qti:outcomeDeclaration baseType="float" cardinality="single" identifier="FEEDBACK_THRESHOLD">
    <qti:defaultValue>
      <qti:value baseType="float">0.6</qti:value>
    </qti:defaultValue>
  </qti:outcomeDeclaration>
  <!-- -->
  <!-- Time limit for the full test (in seconds): -->
  <qti:timeLimits maxTime="600"/>
  <!-- -->
  <!-- testPart: -->
  <qti:testPart identifier="TestPart01" navigationMode="nonlinear" submissionMode="individual">
    <qti:itemSessionControl allowComment="true" allowReview="true" allowSkipping="true" maxAttempts="3" showFeedback="true" showSolution="true" validateResponses="true"/>
    <!-- -->
    <!-- Main assessment section: -->
    <qti:assessmentSection identifier="HoofdAssessmentSection" title="Hoofd sectie" visible="true">
      <qti:selection select="3"/>
      <qti:ordering shuffle="true"/>
      <!-- -->
      <!-- Question reference: -->
      <qti:assessmentItemRef href="../choiceInteraction_MCMA_GF/choiceInteraction_MCMA_GF.xml" identifier="Question01"/>
      <!-- -->
      <!-- Question reference: -->
      <qti:assessmentItemRef href="../choiceInteraction_MCMA_SCORE/choiceInteraction_MCMA_SCORE.xml" identifier="Question02"/>
      <!-- -->
      <!-- Question reference: -->
      <qti:assessmentItemRef href="../choiceInteraction_MCSA_GF_FB1/choiceInteraction_MCSA_GF_FB1.xml" identifier="Question03"/>
      <!-- -->
      <!-- Sub assessment section: -->
      <qti:assessmentSection identifier="Subsection01" keepTogether="true" title="Sub sectie 1" visible="false">
        <!-- -->
        <!-- Question reference: -->
        <qti:assessmentItemRef href="../choiceInteraction_MCMA_SCORE/choiceInteraction_MCMA_SCORE.xml" identifier="Question04"/>
        <!-- -->
        <!-- Question reference: -->
        <qti:assessmentItemRef href="../choiceInteraction_MCSA_GF_FB1/choiceInteraction_MCSA_GF_FB1.xml" identifier="Question05"/>
        <!-- -->
      </qti:assessmentSection>
      <!-- -->
    </qti:assessmentSection>
    <!-- -->
  </qti:testPart>
  <!-- -->
  <!-- Outcome processing: -->
  <qti:outcomeProcessing>
    <!-- -->
    <!-- Score computation: -->
    <qti:outcomeCondition>
      <qti:outcomeIf>
        <qti:or>
          <qti:isNull>
            <qti:outcomeMaximum outcomeIdentifier="SCORE" weightIdentifier="WEIGHT"/>
          </qti:isNull>
          <qti:equal toleranceMode="exact">
            <qti:sum>
              <qti:outcomeMaximum outcomeIdentifier="SCORE" weightIdentifier="WEIGHT"/>
            </qti:sum>
            <qti:baseValue baseType="float">0.0</qti:baseValue>
          </qti:equal>
        </qti:or>
        <qti:setOutcomeValue identifier="SCORE">
          <qti:baseValue baseType="float">1.0</qti:baseValue>
        </qti:setOutcomeValue>
      </qti:outcomeIf>
      <qti:outcomeElse>
        <qti:setOutcomeValue identifier="SCORE">
          <qti:divide>
            <qti:sum>
              <qti:testVariables variableIdentifier="SCORE" weightIdentifier="WEIGHT"/>
            </qti:sum>
            <qti:sum>
              <qti:outcomeMaximum outcomeIdentifier="SCORE" weightIdentifier="WEIGHT"/>
            </qti:sum>
          </qti:divide>
        </qti:setOutcomeValue>
      </qti:outcomeElse>
    </qti:outcomeCondition>
    <!-- -->
    <!-- Feedback computation: -->
    <qti:outcomeCondition>
      <qti:outcomeIf>
        <qti:gte>
          <qti:variable identifier="SCORE"/>
          <qti:variable identifier="FEEDBACK_THRESHOLD"/>
        </qti:gte>
        <qti:setOutcomeValue identifier="FEEDBACK">
          <qti:baseValue baseType="identifier">RESULT_OK</qti:baseValue>
        </qti:setOutcomeValue>
      </qti:outcomeIf>
      <qti:outcomeElse>
        <qti:setOutcomeValue identifier="FEEDBACK">
          <qti:baseValue baseType="identifier">RESULT_NOTOK</qti:baseValue>
        </qti:setOutcomeValue>
      </qti:outcomeElse>
    </qti:outcomeCondition>
    <!-- -->
  </qti:outcomeProcessing>
  <!-- -->
  <!-- Feedback: -->
  <qti:testFeedback access="atEnd" identifier="RESULT_OK" outcomeIdentifier="FEEDBACK" showHide="show">Ok!</qti:testFeedback>
  <qti:testFeedback access="atEnd" identifier="RESULT_NOTOK" outcomeIdentifier="FEEDBACK" showHide="show">Niet ok...</qti:testFeedback>
  <!-- -->
</qti:assessmentTest>