<?xml version="1.0" encoding="UTF-8"?><qti:assessmentItem xmlns:qti="http://www.imsglobal.org/xsd/imsqti_v2p1" xmlns:source="http://apache.org/cocoon/source/1.0" adaptive="false" identifier="mediaInteraction_multiple" timeDependent="false" title="Interaction type: mediaInteraction (meerdere)" toolName="NLQTI" toolVersion="1.0">
  <!-- -->
  <qti:responseDeclaration baseType="string" cardinality="single" identifier="MEDIA_01"/>
  <qti:responseDeclaration baseType="string" cardinality="single" identifier="MEDIA_02"/>
  <!-- -->
  <qti:itemBody>
    <qti:mediaInteraction autostart="false" responseIdentifier="MEDIA_01">
      <qti:object data="../Images/voorbeeld.mp3" type="audio/mpeg"/>
    </qti:mediaInteraction>
    <!-- -->
    <qti:mediaInteraction autostart="false" responseIdentifier="MEDIA_02">
      <qti:object data="../Images/voorbeeld2.mp3" type="audio/mpeg"/>
    </qti:mediaInteraction>
  </qti:itemBody>
  <!-- -->
</qti:assessmentItem>