<?xml version="1.0" encoding="UTF-8"?><qti:assessmentItem xmlns:qti="http://www.imsglobal.org/xsd/imsqti_v2p1" xmlns:source="http://apache.org/cocoon/source/1.0" adaptive="false" identifier="gapMatchInteraction_GF" timeDependent="false" title="Interaction type: gapMatchInteraction; Correct/Incorrect" toolName="NLQTI" toolVersion="1.0">
  <!-- -->
  <qti:responseDeclaration baseType="directedPair" cardinality="multiple" identifier="RESPONSE">
    <qti:correctResponse>
      <qti:value>W1 G2</qti:value>
      <qti:value>W2 G1</qti:value>
    </qti:correctResponse>
  </qti:responseDeclaration>
  <!-- -->
  <qti:outcomeDeclaration baseType="float" cardinality="single" identifier="SCORE" normalMaximum="1.0" normalMinimum="0.0"/>
  <!-- -->
  <qti:itemBody>
    <qti:gapMatchInteraction responseIdentifier="RESPONSE" shuffle="false">
      <qti:prompt>Zet de woorden op de juiste plaats:</qti:prompt>
      <qti:gapText identifier="W1" matchMax="1">wolken</qti:gapText>
      <qti:gapText identifier="W2" matchMax="1">blauw</qti:gapText>
      <qti:p>Het was een mooie dag, de hemel was <qti:gap identifier="G1"/>, want er waren geen <qti:gap identifier="G2"/>.</qti:p>
    </qti:gapMatchInteraction>
  </qti:itemBody>
  <!-- -->
  <qti:responseProcessing template="http://www.edustandaard.nl/nl-qti/1/rptemplates/RPTEMPLATE_GF" templateLocation="../RPTemplates/RPTEMPLATE_GF.xml"/>
  <!-- -->
</qti:assessmentItem>