<?xml version="1.0" encoding="UTF-8"?>
<responseProcessing xmlns="http://www.imsglobal.org/xsd/imsqti_v2p0">
  <!--* Original QTI example Map_Response_Point -->
  <responseCondition>
    <responseIf>
      <isNull>
        <variable identifier="RESPONSE"/>
      </isNull>
      <setOutcomeValue identifier="SCORE">
        <baseValue baseType="integer">0</baseValue>
      </setOutcomeValue>
    </responseIf>
    <responseElse>
      <setOutcomeValue identifier="SCORE">
        <mapResponsePoint identifier="RESPONSE"/>
      </setOutcomeValue>
    </responseElse>
  </responseCondition>
</responseProcessing>
