<?xml version="1.0" encoding="UTF-8"?>
<responseProcessing xmlns="http://www.imsglobal.org/xsd/imsqti_v2p0">
  <!--* Original QTI example Match_Correct -->
  <responseCondition>
    <responseIf>
      <match>
        <variable identifier="RESPONSE"/>
        <correct identifier="RESPONSE"/>
      </match>
      <setOutcomeValue identifier="SCORE">
        <baseValue baseType="integer">1</baseValue>
      </setOutcomeValue>
    </responseIf>
    <responseElse>
      <setOutcomeValue identifier="SCORE">
        <baseValue baseType="integer">0</baseValue>
      </setOutcomeValue>
    </responseElse>
  </responseCondition>
</responseProcessing>
