<?xml version="1.0" encoding="UTF-8"?>
<responseProcessing xmlns="http://www.imsglobal.org/xsd/imsqti_v2p1"><!--* NLQTI Response Processing Template - SCORE_FB1 for plural interaction type  - Scoring situation + Feedback - 1 interaction(s) --><!-- == File: RPTEMPLATE_SCORE_FB1_01.xml == --><setOutcomeValue identifier="SCORE">
      <sum>
         <mapResponse identifier="RESPONSE_01"/>
      </sum>
   </setOutcomeValue>
   <!-- == Limit SCORE: == --><responseCondition>
      <responseIf>
         <gt>
            <variable identifier="SCORE"/>
            <baseValue baseType="float">1.0</baseValue>
         </gt>
         <setOutcomeValue identifier="SCORE">
            <baseValue baseType="float">1.0</baseValue>
         </setOutcomeValue>
      </responseIf>
      <responseElseIf>
         <lt>
            <variable identifier="SCORE"/>
            <baseValue baseType="float">0.0</baseValue>
         </lt>
         <setOutcomeValue identifier="SCORE">
            <baseValue baseType="float">0.0</baseValue>
         </setOutcomeValue>
      </responseElseIf>
   </responseCondition>
   <!-- == Feedback: == --><responseCondition>
      <responseIf>
         <gte>
            <variable identifier="SCORE"/>
            <variable identifier="FEEDBACK_THRESHOLD"/>
         </gte>
         <setOutcomeValue identifier="FEEDBACK">
            <baseValue baseType="identifier">ANSWER_CORRECT</baseValue>
         </setOutcomeValue>
      </responseIf>
      <responseElse>
         <setOutcomeValue identifier="FEEDBACK">
            <baseValue baseType="identifier">FAILURE</baseValue>
         </setOutcomeValue>
      </responseElse>
   </responseCondition>
</responseProcessing>
