<?xml version="1.0" encoding="UTF-8"?>
<responseProcessing xmlns="http://www.imsglobal.org/xsd/imsqti_v2p1"><!--* NLQTI Response Processing Template - GF_FB1 for plural interaction type - Correct/Incorrect situation + Feedback - 8 interaction(s) --><!-- == File: RPTEMPLATE_GF_FB1_08.xml == --><responseCondition>
      <responseIf>
         <and>
            <match>
               <variable identifier="RESPONSE_01"/>
               <correct identifier="RESPONSE_01"/>
            </match>
            <match>
               <variable identifier="RESPONSE_02"/>
               <correct identifier="RESPONSE_02"/>
            </match>
            <match>
               <variable identifier="RESPONSE_03"/>
               <correct identifier="RESPONSE_03"/>
            </match>
            <match>
               <variable identifier="RESPONSE_04"/>
               <correct identifier="RESPONSE_04"/>
            </match>
            <match>
               <variable identifier="RESPONSE_05"/>
               <correct identifier="RESPONSE_05"/>
            </match>
            <match>
               <variable identifier="RESPONSE_06"/>
               <correct identifier="RESPONSE_06"/>
            </match>
            <match>
               <variable identifier="RESPONSE_07"/>
               <correct identifier="RESPONSE_07"/>
            </match>
            <match>
               <variable identifier="RESPONSE_08"/>
               <correct identifier="RESPONSE_08"/>
            </match>
         </and>
         <setOutcomeValue identifier="SCORE">
            <baseValue baseType="integer">1.0</baseValue>
         </setOutcomeValue>
         <setOutcomeValue identifier="FEEDBACK">
            <baseValue baseType="identifier">ANSWER_CORRECT</baseValue>
         </setOutcomeValue>
      </responseIf>
      <responseElse>
         <setOutcomeValue identifier="SCORE">
            <baseValue baseType="integer">0.0</baseValue>
         </setOutcomeValue>
         <setOutcomeValue identifier="FEEDBACK">
            <baseValue baseType="identifier">FAILURE</baseValue>
         </setOutcomeValue>
      </responseElse>
   </responseCondition>
</responseProcessing>
