<?xml version="1.0" encoding="UTF-8"?>
<responseProcessing xmlns="http://www.imsglobal.org/xsd/imsqti_v2p1"><!--* NLQTI Response Processing Template - POINT for plural interaction type (graphical) - Scoring situation  - 5 interaction(s) --><!-- == File: RPTEMPLATE_POINT_05.xml == --><setOutcomeValue identifier="SCORE">
      <sum>
         <mapResponsePoint identifier="RESPONSE_01"/>
         <mapResponsePoint identifier="RESPONSE_02"/>
         <mapResponsePoint identifier="RESPONSE_03"/>
         <mapResponsePoint identifier="RESPONSE_04"/>
         <mapResponsePoint identifier="RESPONSE_05"/>
      </sum>
   </setOutcomeValue>
   <!-- == Limit SCORE: == --><responseCondition>
      <responseIf>
         <gt>
            <variable identifier="SCORE"/>
            <baseValue baseType="float">1.0</baseValue>
         </gt>
         <setOutcomeValue identifier="SCORE">
            <baseValue baseType="float">1.0</baseValue>
         </setOutcomeValue>
      </responseIf>
      <responseElseIf>
         <lt>
            <variable identifier="SCORE"/>
            <baseValue baseType="float">0.0</baseValue>
         </lt>
         <setOutcomeValue identifier="SCORE">
            <baseValue baseType="float">0.0</baseValue>
         </setOutcomeValue>
      </responseElseIf>
   </responseCondition>
</responseProcessing>
