<?xml version="1.0" encoding="UTF-8"?>
<responseProcessing xmlns="http://www.imsglobal.org/xsd/imsqti_v2p1">
  <!--* NLQTI Response Processing Template - Score situation (grafisch) -->
  <responseCondition>
    <responseIf>
      <isNull>
        <variable identifier="RESPONSE"/>
      </isNull>
      <setOutcomeValue identifier="SCORE">
        <baseValue baseType="float">0.0</baseValue>
      </setOutcomeValue>
    </responseIf>
    <responseElse>
      <setOutcomeValue identifier="SCORE">
        <mapResponsePoint identifier="RESPONSE"/>
      </setOutcomeValue>
    </responseElse>
  </responseCondition>
</responseProcessing>
