<?xml version="1.0" encoding="UTF-8"?>
<responseProcessing xmlns="http://www.imsglobal.org/xsd/imsqti_v2p1">
  <!--* NLQTI Response Processing Template - Correct/Incorrect situation + Feedback -->
  <responseCondition>
    <responseIf>
      <match>
        <variable identifier="RESPONSE"/>
        <correct identifier="RESPONSE"/>
      </match>
      <setOutcomeValue identifier="SCORE">
        <baseValue baseType="float">1.0</baseValue>
      </setOutcomeValue>
      <setOutcomeValue identifier="FEEDBACK">
        <baseValue baseType="identifier">ANSWER_CORRECT</baseValue>
      </setOutcomeValue>
    </responseIf>
    <responseElse>
      <setOutcomeValue identifier="SCORE">
        <baseValue baseType="float">0.0</baseValue>
      </setOutcomeValue>
      <setOutcomeValue identifier="FEEDBACK">
        <baseValue baseType="identifier">FAILURE</baseValue>
      </setOutcomeValue>
    </responseElse>
  </responseCondition>
</responseProcessing>
