<?xml version="1.0" encoding="UTF-8"?><qti:assessmentItem xmlns:qti="http://www.imsglobal.org/xsd/imsqti_v2p1" xmlns:source="http://apache.org/cocoon/source/1.0" adaptive="false" identifier="hottextInteraction_GF" timeDependent="false" title="Interaction type: hottextInteraction; Correct/Incorrect" toolName="NLQTI" toolVersion="1.0">
  <!-- -->
  <qti:responseDeclaration baseType="identifier" cardinality="multiple" identifier="RESPONSE">
    <qti:correctResponse>
      <qti:value>B</qti:value>
      <qti:value>C</qti:value>
    </qti:correctResponse>
  </qti:responseDeclaration>
  <!-- -->
  <qti:outcomeDeclaration baseType="float" cardinality="single" identifier="SCORE" normalMaximum="1.0" normalMinimum="0.0"/>
  <!-- -->
  <qti:itemBody>
    <qti:hottextInteraction maxChoices="1" responseIdentifier="RESPONSE">
      <qti:prompt>Wijs de spelfout aan:</qti:prompt>
      <qti:p>Piet <qti:hottext identifier="A">loopt</qti:hottext> naar <qti:hottext identifier="B">scholen</qti:hottext>
        op zijn nieuwe <qti:hottext identifier="C">schoennen</qti:hottext>.</qti:p>
    </qti:hottextInteraction>
  </qti:itemBody>
  <!-- -->
  <qti:responseProcessing template="http://www.edustandaard.nl/nl-qti/1/rptemplates/RPTEMPLATE_GF" templateLocation="../RPTemplates/RPTEMPLATE_GF.xml"/>
  <!-- -->
</qti:assessmentItem>