<?xml version="1.0" encoding="UTF-8"?><qti:assessmentItem xmlns:qti="http://www.imsglobal.org/xsd/imsqti_v2p1" xmlns:source="http://apache.org/cocoon/source/1.0" adaptive="false" identifier="choiceInteraction_MCSA_GF_media" timeDependent="false" title="Interaction type: choiceInteraction (MCSA); Correct/Incorrect - Including media interaction" toolName="NLQTI" toolVersion="1.0">
  <!-- -->
  <qti:responseDeclaration baseType="string" cardinality="single" identifier="MEDIA_01"/>
  <qti:responseDeclaration baseType="identifier" cardinality="single" identifier="RESPONSE">
    <qti:correctResponse>
      <qti:value>C</qti:value>
    </qti:correctResponse>
  </qti:responseDeclaration>
  <!-- -->
  <qti:outcomeDeclaration baseType="float" cardinality="single" identifier="SCORE" normalMaximum="1.0" normalMinimum="0.0"/>
  <!-- -->
  <qti:itemBody>
    <!-- -->
    <qti:mediaInteraction autostart="false" maxPlays="1" minPlays="1" responseIdentifier="MEDIA_01">
      <qti:object data="../Images/voorbeeld.mp3" type="audio/mpeg"/>
    </qti:mediaInteraction>
    <!-- -->
    <qti:p>Luister goed naar het geluidsfragment. Wat wordt er gedaan?</qti:p>
    <qti:choiceInteraction maxChoices="1" responseIdentifier="RESPONSE" shuffle="true">
      <qti:prompt>Maak een keuze:</qti:prompt>
      <qti:simpleChoice identifier="A">Schelden</qti:simpleChoice>
      <qti:simpleChoice identifier="B">Over het weer praten</qti:simpleChoice>
      <qti:simpleChoice identifier="C">Voorstellen</qti:simpleChoice>
    </qti:choiceInteraction>
  </qti:itemBody>
  <!-- -->
  <qti:responseProcessing template="http://www.edustandaard.nl/nl-qti/1/rptemplates/RPTEMPLATE_GF" templateLocation="../RPTemplates/RPTEMPLATE_GF.xml"/>
  <!-- -->
</qti:assessmentItem>