<?xml version="1.0" encoding="UTF-8"?><qti:assessmentItem xmlns:qti="http://www.imsglobal.org/xsd/imsqti_v2p1" xmlns:source="http://apache.org/cocoon/source/1.0" adaptive="false" identifier="matchInteraction_GF_FB1" timeDependent="false" title="Interaction type: matchInteraction; Correct/Incorrect; Feedback" toolName="NLQTI" toolVersion="1.0" xml:lang="en">
  <!-- -->
  <qti:responseDeclaration baseType="directedPair" cardinality="multiple" identifier="RESPONSE">
    <qti:correctResponse>
      <qti:value>C R</qti:value>
      <qti:value>D M</qti:value>
      <qti:value>L M</qti:value>
      <qti:value>P T</qti:value>
    </qti:correctResponse>
  </qti:responseDeclaration>
  <!-- -->
  <qti:outcomeDeclaration baseType="float" cardinality="single" identifier="SCORE" normalMaximum="1.0" normalMinimum="0.0"/>
  <!-- -->
  <qti:itemBody>
    <qti:matchInteraction maxAssociations="0" responseIdentifier="RESPONSE" shuffle="true">
      <qti:prompt>Match the following characters to the Shakespeare play they appeared in:</qti:prompt>
      <qti:simpleMatchSet>
        <qti:simpleAssociableChoice identifier="C" matchMax="1">Capulet</qti:simpleAssociableChoice>
        <qti:simpleAssociableChoice identifier="D" matchMax="1">Demetrius</qti:simpleAssociableChoice>
        <qti:simpleAssociableChoice identifier="L" matchMax="1">Lysander</qti:simpleAssociableChoice>
        <qti:simpleAssociableChoice identifier="P" matchMax="1">Prospero</qti:simpleAssociableChoice>
      </qti:simpleMatchSet>
      <qti:simpleMatchSet>
        <qti:simpleAssociableChoice identifier="M" matchMax="4">A Midsummer-Night's
          Dream</qti:simpleAssociableChoice>
        <qti:simpleAssociableChoice identifier="R" matchMax="4">Romeo and
          Juliet</qti:simpleAssociableChoice>
        <qti:simpleAssociableChoice identifier="T" matchMax="4">The Tempest</qti:simpleAssociableChoice>
      </qti:simpleMatchSet>
    </qti:matchInteraction>
  </qti:itemBody>
  <!-- -->
  <qti:responseProcessing template="http://www.edustandaard.nl/nl-qti/1/rptemplates/RPTEMPLATE_GF" templateLocation="../RPTemplates/RPTEMPLATE_GF.xml"/>
  <!-- -->
</qti:assessmentItem>