<?xml version="1.0" encoding="UTF-8"?><qti:assessmentItem xmlns:qti="http://www.imsglobal.org/xsd/imsqti_v2p1" xmlns:source="http://apache.org/cocoon/source/1.0" adaptive="false" identifier="positionObjectInteraction_SCORE" timeDependent="false" title="Interaction type: textEntryInteraction; Score" toolName="NLQTI" toolVersion="1.0" xml:lang="en">
  <!-- -->
  <!-- 
    It is almost impossible for this interaction type to create a correct/incorrect situation:
    The learner must click on exactly the right spot. The only way to ease this is to us an 
    <areaMapping> element.
  -->
  <qti:responseDeclaration baseType="point" cardinality="single" identifier="RESPONSE_EDI">
    <qti:correctResponse>
      <qti:value>96 114</qti:value>
    </qti:correctResponse>
    <qti:areaMapping defaultValue="0">
      <qti:areaMapEntry coords="96,114,12" mappedValue="0.5" shape="circle"/>
    </qti:areaMapping>
  </qti:responseDeclaration>
  <qti:responseDeclaration baseType="point" cardinality="single" identifier="RESPONSE_MAN">
    <qti:correctResponse>
      <qti:value>118 184</qti:value>
    </qti:correctResponse>
    <qti:areaMapping defaultValue="0">
      <qti:areaMapEntry coords="118,184,12" mappedValue="0.5" shape="circle"/>
    </qti:areaMapping>
  </qti:responseDeclaration>
  <!-- -->
  <qti:outcomeDeclaration baseType="float" cardinality="single" identifier="SCORE" normalMaximum="1.0" normalMinimum="0.0"/>
  <!-- -->
  <qti:itemBody>
    <qti:p>When flying into the UK, you may well find yourself landing at Edinburgh or Manchester; but
      where are these airports actually located?</qti:p>
    <qti:positionObjectStage>
      <qti:object data="../Images/uk.png" height="280" type="image/png" width="206"/>
      <qti:positionObjectInteraction maxChoices="1" responseIdentifier="RESPONSE_EDI">
        <qti:object data="../Images/EDI.png" type="image/png"/>
      </qti:positionObjectInteraction>
      <qti:positionObjectInteraction maxChoices="1" responseIdentifier="RESPONSE_MAN">
        <qti:object data="../Images/MAN.png" type="image/png"/>
      </qti:positionObjectInteraction>
    </qti:positionObjectStage>
  </qti:itemBody>
  <!-- -->
  <qti:responseProcessing>
    <qti:setOutcomeValue identifier="SCORE">
      <qti:sum>
        <qti:mapResponsePoint identifier="RESPONSE_EDI"/>
        <qti:mapResponsePoint identifier="RESPONSE_MAN"/>
      </qti:sum>
    </qti:setOutcomeValue>
  </qti:responseProcessing>
  <!-- -->
</qti:assessmentItem>