<?xml version="1.0" encoding="UTF-8"?><qti:assessmentItem xmlns:qti="http://www.imsglobal.org/xsd/imsqti_v2p1" xmlns:source="http://apache.org/cocoon/source/1.0" adaptive="false" identifier="choiceInteraction_MCSA_GF_FB1" timeDependent="false" title="Interaction type: choiceInteraction (MCSA); Correct/Incorrect; Feedback" toolName="NLQTI" toolVersion="1.0">
  <!-- -->
  <qti:responseDeclaration baseType="identifier" cardinality="single" identifier="RESPONSE">
    <qti:correctResponse>
      <qti:value>C</qti:value>
    </qti:correctResponse>
  </qti:responseDeclaration>
  <!-- -->
  <qti:outcomeDeclaration baseType="float" cardinality="single" identifier="SCORE" normalMaximum="1.0" normalMinimum="0.0"/>
  <qti:outcomeDeclaration baseType="identifier" cardinality="single" identifier="FEEDBACK"/>
  <!-- -->
  <qti:itemBody>
    <qti:p>Welk land grenst in het oosten aan Nederland?</qti:p>
    <qti:choiceInteraction maxChoices="1" responseIdentifier="RESPONSE" shuffle="true">
      <qti:prompt>Maak een keuze:</qti:prompt>
      <qti:simpleChoice identifier="A">België</qti:simpleChoice>
      <qti:simpleChoice identifier="B">Oostenrijk</qti:simpleChoice>
      <qti:simpleChoice identifier="C">Duitsland</qti:simpleChoice>
      <qti:simpleChoice identifier="D">Spanje</qti:simpleChoice>
    </qti:choiceInteraction>
  </qti:itemBody>
  <!-- -->
  <qti:responseProcessing template="http://www.edustandaard.nl/nl-qti/1/rptemplates/RPTEMPLATE_GF_FB1" templateLocation="../RPTemplates/RPTEMPLATE_GF_FB1.xml"/>
  <!-- -->
  <qti:modalFeedback identifier="ANSWER_CORRECT" outcomeIdentifier="FEEDBACK" showHide="show">Dat is
    goed</qti:modalFeedback>
  <qti:modalFeedback identifier="FAILURE" outcomeIdentifier="FEEDBACK" showHide="show">Dat is niet
    goed</qti:modalFeedback>
  <!-- -->
</qti:assessmentItem>